City,Longitude,Latitude,Max Temp,Humidity,Cloudiness,Wind Speed,Country,Date
mar del plata,-57.5575,-38.0023,71.01,88,90,16.11,AR,1613100896
busselton,115.3333,-33.65,73.31,42,0,1.95,AU,1613100798
olafsvik,-23.7142,64.8945,37.99,76,97,19.35,IS,1613100896
fort nelson,-122.7002,58.8053,-4.0,71,90,2.3,CA,1613100646
athabasca,-113.2854,54.7169,-13.0,70,100,13.8,CA,1613100896
clyde river,-68.5914,70.4692,5.0,85,99,20.71,CA,1613100896
port blair,92.75,11.6667,82.38,64,67,14.58,IN,1613100897
vaini,-175.2,-21.2,86.0,79,40,6.91,TO,1613100897
hermanus,19.2345,-34.4187,73.0,91,97,6.58,ZA,1613100897
bambanglipuro,110.2833,-7.95,84.34,70,49,8.52,ID,1613100897
teya,92.6267,60.3778,-11.96,84,100,8.23,RU,1613100897
spartanburg,-81.9321,34.9496,46.99,100,90,11.5,US,1613100777
havelock,-76.9013,34.8791,44.01,94,100,1.01,US,1613100897
beringovskiy,179.3167,63.05,-21.17,85,75,20.13,RU,1613100898
tasiilaq,-37.6368,65.6145,19.4,73,75,27.63,GL,1613100898
qaanaaq,-69.3632,77.484,6.12,70,0,8.19,GL,1613100898
kitimat,-128.6534,54.0524,8.6,40,1,10.36,CA,1613100599
seoul,126.9778,37.5683,51.8,46,38,2.3,KR,1613100898
mataura,168.8643,-46.1927,60.01,69,0,10.0,NZ,1613100898
provideniya,-173.3,64.3833,-2.2,65,90,38.03,RU,1613100898
dikson,80.5464,73.5069,-14.44,89,100,6.22,RU,1613100898
rikitea,-134.9692,-23.1203,79.5,67,97,3.42,PF,1613100899
cherskiy,161.3,68.75,-22.09,86,0,0.34,RU,1613100899
meulaboh,96.1285,4.1363,87.13,61,76,1.83,ID,1613100899
chuy,-53.4616,-33.6971,69.75,92,100,12.53,UY,1613100899
kapaa,-159.319,22.0752,75.2,57,1,4.61,US,1613100899
lyantonde,31.1572,-0.4031,64.15,82,79,1.97,UG,1613100899
teguldet,88.1667,57.3064,-14.6,86,100,9.22,RU,1613100899
xiongyue,122.1228,40.1774,43.12,67,61,3.27,CN,1613100900
torbay,-52.7314,47.6666,24.01,93,90,33.38,CA,1613100900
ushuaia,-68.3,-54.8,46.4,71,20,26.46,AR,1613100900
hilo,-155.09,19.7297,77.0,61,90,8.05,US,1613100212
kihei,-156.4656,20.785,78.8,57,20,16.11,US,1613100900
kodiak,-152.4072,57.79,39.2,87,90,36.82,US,1613100900
albany,-73.9662,42.6001,16.0,53,20,6.91,US,1613100900
betsiamites,-68.646,48.9413,10.4,79,90,12.66,CA,1613100900
tsumeb,17.7167,-19.2333,65.19,94,99,2.98,NA,1613100900
clearlake,-122.6264,38.9582,48.99,92,100,3.0,US,1613100901
bluff,168.3333,-46.6,60.01,69,1,10.0,NZ,1613100901
yumen,97.2,40.2833,40.64,56,83,24.43,CN,1613100901
sumbawanga,31.6167,-7.9667,62.6,100,75,2.26,TZ,1613100901
ribeira grande,-28.7,38.5167,60.24,78,100,24.56,PT,1613100901
nikolskoye,30.7861,59.7035,5.0,85,75,6.71,RU,1613100901
shengjin,19.5939,41.8136,39.2,93,75,2.3,AL,1613100901
honningsvag,25.9704,70.9821,26.82,93,97,14.36,NO,1613100902
jamestown,-79.2353,42.097,12.2,85,1,5.75,US,1613100903
pampa,-100.9599,35.5362,15.8,85,40,14.88,US,1613100903
bredasdorp,20.0403,-34.5322,71.6,88,75,2.3,ZA,1613100903
cape town,18.4232,-33.9258,72.0,94,75,12.66,ZA,1613100360
camana,-72.7111,-16.6228,71.28,78,21,7.11,PE,1613100904
vila franca do campo,-25.4333,37.7167,61.0,88,40,26.46,PT,1613100904
adilabad,78.5333,19.6667,76.87,27,100,5.06,IN,1613100904
buala,159.5921,-8.145,79.32,85,100,9.44,SB,1613100904
ponta do sol,-17.1,32.6667,57.99,77,20,4.61,PT,1613100904
urucara,-57.76,-2.5364,73.85,97,85,0.43,BR,1613100904
culebra,-65.301,18.303,78.8,73,40,9.22,PR,1613100904
mahebourg,57.7,-20.4081,80.6,69,40,6.91,MU,1613100905
magan,-3.931,39.9683,55.0,85,99,14.67,ES,1613100905
kaitangata,169.8464,-46.2817,59.0,68,2,13.0,NZ,1613100905
wangqing,129.7634,43.3218,36.27,80,100,3.29,CN,1613100905
mana,-53.7767,5.6592,77.72,84,94,12.1,GF,1613100905
talakan,130.3667,50.3167,24.76,95,100,12.88,RU,1613100905
longyearbyen,15.6401,78.2186,3.2,72,40,16.11,SJ,1613100906
castro,-50.0119,-24.7911,58.75,97,94,5.35,BR,1613100906
makakilo city,-158.0858,21.3469,80.6,57,1,8.05,US,1613100775
arraial do cabo,-42.0278,-22.9661,76.19,89,100,13.8,BR,1613100762
victoria,114.1577,22.2855,69.01,62,0,1.99,HK,1613100777
japura,102.35,-0.3167,83.03,78,70,3.65,ID,1613100906
whitianga,175.7,-36.8333,74.82,42,0,6.6,NZ,1613100906
umm lajj,37.2685,25.0213,75.94,50,98,1.12,SA,1613100907
petropavlovsk-kamchatskiy,158.6483,53.0452,28.4,59,95,4.47,RU,1613100907
mosjoen,13.1908,65.836,35.6,87,75,14.97,NO,1613100907
novobureyskiy,129.8774,49.798,21.36,95,97,19.08,RU,1613100907
tomatlan,-105.25,19.9333,60.67,90,0,2.62,MX,1613100907
tuktoyaktuk,-133.0374,69.4541,-7.6,77,75,8.05,CA,1613100907
vardo,31.1107,70.3705,15.8,92,90,16.11,NO,1613100907
new norfolk,147.0587,-42.7826,73.99,52,24,10.0,AU,1613100907
san quintin,-115.95,30.4833,58.08,84,0,10.02,MX,1613100908
rock sound,-76.2,24.9,75.52,82,16,17.69,BS,1613100908
east london,27.9116,-33.0153,71.6,100,75,9.22,ZA,1613100908
berdigestyakh,126.6992,62.0989,-4.13,91,96,3.15,RU,1613100908
punta arenas,-70.9167,-53.15,46.4,66,0,14.97,CL,1613100663
tiksi,128.8694,71.6872,-8.05,89,59,5.44,RU,1613100908
indianola,-93.5574,41.3581,0.0,71,90,9.22,US,1613100908
pevek,170.3133,69.7008,-23.24,84,46,2.19,RU,1613100484
pauini,-66.9764,-7.7136,73.24,99,100,3.33,BR,1613100909
praia da vitoria,-27.0667,38.7333,61.0,100,75,40.0,PT,1613100910
turan,108.2208,16.0678,75.2,53,20,8.05,VN,1613100910
butaritari,172.7902,3.0707,81.82,77,0,12.73,KI,1613100910
wonthaggi,145.5913,-38.6044,73.99,58,9,12.84,AU,1613100910
walvis bay,14.5053,-22.9575,68.0,88,94,5.75,NA,1613100910
groningen,6.75,53.25,21.99,86,0,5.75,NL,1613100667
carnarvon,113.6333,-24.8667,80.6,74,1,19.57,AU,1613100911
barrow,-156.7887,71.2906,-41.8,82,75,13.8,US,1613100911
beyneu,55.2,45.3167,34.68,82,69,11.39,KZ,1613100911
guilin,110.2864,25.2819,62.6,63,40,6.71,CN,1613100911
geraldton,114.6,-28.7667,91.4,24,0,10.36,AU,1613100911
fallon,-118.7774,39.4735,48.0,71,90,8.05,US,1613100911
moron,-58.6198,-34.6534,73.0,94,99,7.31,AR,1613100911
hobart,147.3294,-42.8794,73.99,37,0,18.41,AU,1613100912
coruripe,-36.1756,-10.1256,76.39,82,18,8.1,BR,1613100913
alice,-98.0697,27.7523,42.8,93,90,12.66,US,1613100913
saint george,-113.5841,37.1041,57.99,35,1,3.44,US,1613100686
viamao,-51.0233,-30.0811,75.2,88,0,8.05,BR,1613100815
port alfred,26.891,-33.5906,70.0,96,100,7.23,ZA,1613100484
ostrovnoy,39.5131,68.0531,9.25,91,100,3.91,RU,1613100913
puerto ayora,-90.3518,-0.7393,75.99,98,82,8.97,EC,1613100914
qiryat gat,34.7642,31.61,51.01,81,0,4.61,IL,1613100914
bethel,-73.414,41.3712,23.0,54,1,10.36,US,1613100914
salinopolis,-47.3561,-0.6136,78.8,86,99,10.02,BR,1613100914
wuwei,102.6414,37.9281,42.37,51,98,5.53,CN,1613100914
atuona,-139.0333,-9.8,79.66,74,0,9.91,PF,1613100914
qasigiannguit,-51.1922,68.8193,10.4,67,90,13.8,GL,1613100914
brigantine,-74.3646,39.4101,30.0,86,90,3.44,US,1613100914
mandurah,115.7,-32.55,77.0,49,0,1.99,AU,1613100915
sept-iles,-66.3821,50.2001,14.0,92,75,5.75,CA,1613100915
mancora,-81.0475,-4.1078,76.82,73,81,7.05,PE,1613100915
codrington,141.9667,-38.2667,68.05,54,84,15.79,AU,1613100915
wad madani,33.5199,14.4012,69.17,38,0,8.01,SD,1613100915
saint-philippe,55.7679,-21.3585,80.6,65,0,11.5,RE,1613100915
semey,80.2275,50.4111,-13.0,77,100,4.47,KZ,1613100916
talnakh,88.3972,69.4865,-19.71,86,97,2.1,RU,1613100916
cidreira,-50.2056,-30.1811,74.5,80,94,11.92,BR,1613100916
tura,90.2201,25.5198,76.33,32,27,3.2,IN,1613100916
eureka,-124.1637,40.8021,48.99,97,88,1.01,US,1613100916
avarua,-159.775,-21.2078,82.4,78,75,2.3,CK,1613100916
college,-147.8028,64.8569,12.0,78,75,2.75,US,1613100916
sao joao do piaui,-42.2467,-8.3581,72.36,88,71,2.57,BR,1613100916
nuuk,-51.7216,64.1835,19.4,86,90,12.66,GL,1613100916
bandarbeyla,50.8122,9.4942,72.48,73,50,11.68,SO,1613100917
haines junction,-137.5108,60.7522,-22.0,69,0,1.14,CA,1613100917
ghanzi,21.7833,-21.5667,65.77,86,100,6.96,BW,1613100917
constitucion,-72.4167,-35.3333,59.23,91,89,4.99,CL,1613100917
paita,-81.1144,-5.0892,74.53,82,78,9.01,PE,1613100917
kedrovyy,91.8167,56.1667,-7.6,59,0,8.95,RU,1613100917
dubovskoye,42.7575,47.4092,41.63,87,100,10.8,RU,1613100917
nador,-2.9287,35.174,60.8,67,0,8.05,MA,1613100917
ixtapa,-105.2,20.7,68.0,94,90,3.44,MX,1613100917
thompson,-97.8558,55.7435,-38.2,74,20,2.3,CA,1613100917
cabo san lucas,-109.9124,22.8909,64.99,77,1,3.44,MX,1613100918
nome,-165.4064,64.5011,12.2,85,90,16.11,US,1613100918
lagunas,-75.6753,-5.2269,74.46,96,90,0.78,PE,1613100918
saskylakh,114.0833,71.9167,-15.54,86,100,3.71,RU,1613100918
harper,-7.7169,4.375,78.4,88,58,6.89,LR,1613100918
bonthe,-12.505,7.5264,77.41,89,100,4.36,SL,1613100918
yulara,130.9889,-25.2406,75.2,88,90,13.8,AU,1613100919
salta,-65.4117,-24.7859,62.6,94,40,4.61,AR,1613100764
kunya,8.5325,12.2233,59.0,38,0,6.69,NG,1613100919
mago,140.1822,53.2514,18.21,95,79,1.83,RU,1613100919
norman wells,-126.8329,65.282,-11.2,77,20,2.3,CA,1613100919
hasaki,140.8333,35.7333,53.01,53,75,5.75,JP,1613100920
san carlos de bariloche,-71.3082,-41.1456,62.6,59,0,9.22,AR,1613100763
airai,125.4092,-8.9266,73.09,84,51,2.08,TL,1613100920
neustrelitz,13.0833,53.3667,17.01,74,96,6.62,DE,1613100920
phangnga,98.5298,8.4509,84.2,70,20,11.5,TH,1613100920
hithadhoo,73.0833,-0.6,81.61,77,88,12.1,MV,1613100920
vagur,-6.8119,61.4732,38.05,74,3,17.36,FO,1613100920
takoradi,-1.7554,4.8845,79.47,87,13,9.42,GH,1613100921
kavieng,150.7967,-2.5744,82.98,73,76,2.84,PG,1613100921
saint anthony,-93.218,45.0205,-2.99,71,90,6.91,US,1613100921
gidole,37.3667,5.65,61.5,67,100,3.87,ET,1613100921
upernavik,-56.1549,72.7868,2.28,85,99,9.51,GL,1613100921
hinton,-117.5857,53.4001,-20.2,69,77,2.98,CA,1613100921
husavik,-17.3389,66.0449,21.2,86,0,1.14,IS,1613100921
port elizabeth,25.5701,-33.918,73.4,94,20,6.91,ZA,1613100921
caxito,13.6643,-8.5785,78.8,83,75,4.61,AO,1613100921
porto velho,-63.9039,-8.7619,77.0,94,20,3.44,BR,1613100922
sao filipe,-24.4956,14.8961,71.51,68,0,10.38,CV,1613100922
ahipara,173.1667,-35.1667,68.79,61,0,10.85,NZ,1613100922
warwick,-71.4162,41.7001,24.8,50,75,6.91,US,1613100643
miranda,-76.2281,3.2499,75.2,73,40,10.36,CO,1613100922
nouadhibou,-17.0347,20.931,62.6,77,0,21.85,MR,1613100922
kirovskiy,133.5136,45.0917,32.09,96,100,8.12,RU,1613100922
alyangula,136.4192,-13.8483,86.0,74,40,6.91,AU,1613100922
necochea,-58.7368,-38.5473,64.99,93,93,4.0,AR,1613100922
caravelas,-39.2481,-17.7125,75.2,85,100,4.63,BR,1613100919
acapulco,-99.8901,16.8634,77.0,78,1,5.75,MX,1613100743
lock haven,-77.4469,41.137,23.0,58,1,6.91,US,1613100923
okato,173.8833,-39.2,66.99,54,21,5.01,NZ,1613100923
yellowknife,-114.3525,62.456,-13.0,77,1,5.75,CA,1613100923
san cristobal,-72.225,7.7669,65.66,84,61,1.34,VE,1613100662
gat,34.7642,31.61,51.01,81,0,4.61,IL,1613100723
leningradskiy,178.4167,69.3833,-14.78,87,100,12.5,RU,1613100923
mount pleasant,-79.8626,32.7941,59.0,100,90,6.62,US,1613100923
krasavino,46.4814,60.9614,-1.71,92,100,3.51,RU,1613100924
mitsamiouli,43.2844,-11.3847,82.29,78,91,14.45,KM,1613100924
kruisfontein,24.7314,-34.0033,73.99,88,100,1.01,ZA,1613100767
bridgetown,-59.6167,13.1,77.0,69,40,20.71,BB,1613100924
mugur-aksy,90.5,50.35,-0.99,80,9,2.55,RU,1613100924
marcali,17.412,46.585,19.4,63,0,10.36,HU,1613100924
kushmurun,64.6311,52.4503,7.45,95,87,7.47,KZ,1613100924
warangal,79.5833,18.0,75.51,54,27,9.82,IN,1613100864
dingle,122.6711,10.9995,86.14,67,21,2.17,PH,1613100925
quelimane,36.8883,-17.8786,77.0,78,40,3.44,MZ,1613100925
sao joao da barra,-41.0511,-21.6403,76.71,87,100,14.2,BR,1613100925
kununurra,128.7333,-15.7667,93.2,52,46,5.75,AU,1613100877
kilindoni,39.6668,-7.9139,82.15,76,100,17.36,TZ,1613100925
lorengau,147.2712,-2.0226,82.99,77,85,3.53,PG,1613100926
ferme-neuve,-75.4493,46.7001,-4.0,59,56,5.75,CA,1613100926
hudson bay,-102.3842,52.85,-22.68,86,100,6.82,CA,1613100926
bambous virieux,57.7575,-20.3428,80.6,69,40,6.91,MU,1613100926
georgetown,100.3354,5.4112,87.8,66,20,3.44,MY,1613100926
sotnikovo,107.4791,51.8845,8.6,56,20,8.95,RU,1613100926
klaksvik,-6.589,62.2266,30.2,80,75,8.05,FO,1613100926
panguna,155.4848,-6.3164,75.83,87,96,3.18,PG,1613100927
sarangani,125.4636,5.4033,83.98,73,43,8.75,PH,1613100927
ust-maya,134.5333,60.4167,18.84,94,82,5.12,RU,1613100927
bechem,-2.025,7.0903,71.19,97,64,1.54,GH,1613100927
massaguet,15.4365,12.4755,64.4,42,0,3.44,TD,1613100927
zaysan,84.8667,47.4667,9.59,94,100,2.46,KZ,1613100927
san jose,-121.895,37.3394,55.4,76,90,13.8,US,1613100910
saldanha,17.9442,-33.0117,64.4,88,4,8.05,ZA,1613100927
arica,-70.3042,-18.475,71.6,64,0,3.44,CL,1613100846
calabar,8.322,4.9517,79.0,86,38,3.2,NG,1613100928
hambantota,81.1185,6.1241,78.8,78,20,8.05,LK,1613100928
coroneo,-100.3333,20.1333,62.6,29,1,5.75,MX,1613100928
rawson,-65.1023,-43.3002,72.09,58,65,5.37,AR,1613100928
lompoc,-120.4579,34.6391,53.6,76,1,3.44,US,1613100928
mayor pablo lagerenza,-60.7718,-19.9309,65.73,96,20,3.24,PY,1613100928
kenai,-151.2583,60.5544,33.8,80,1,17.27,US,1613100790
nouakchott,-15.9785,18.0858,66.2,15,0,9.22,MR,1613100928
flin flon,-101.865,54.7682,-22.0,87,100,5.32,CA,1613100929
indramayu,108.32,-6.3264,83.95,73,100,10.09,ID,1613100929
oranjemund,16.4333,-28.55,63.48,92,40,7.96,NA,1613100929
portland,-122.6762,45.5234,32.0,64,90,27.63,US,1613100786
glyadyanskoye,65.0883,54.9075,-7.33,90,48,6.8,RU,1613100929
ballina,153.5667,-28.8667,84.2,57,17,17.27,AU,1613100929
riyadh,46.7219,24.6877,51.8,43,0,2.06,SA,1613100929
faya,42.4509,18.3851,50.0,57,0,1.23,SA,1613100929
mecca,39.8261,21.4267,70.93,65,0,0.02,SA,1613100830
nabire,135.4833,-3.3667,88.03,62,85,5.99,ID,1613100930
abdulino,53.6667,53.7,27.43,98,100,2.82,RU,1613100930
thai binh,106.3333,20.45,68.0,64,20,4.61,VN,1613100930
ambon,128.1814,-3.6954,91.4,62,40,6.91,ID,1613100930
vila velha,-40.2925,-20.3297,82.0,88,0,2.3,BR,1613100930
nizhniy kuranakh,125.4869,58.8353,0.72,91,100,5.19,RU,1613100930
arvi,78.2333,20.9833,77.72,18,77,4.0,IN,1613100930
altamira,-52.2064,-3.2033,73.0,96,100,3.27,BR,1613100930
voh,164.7,-20.9667,81.36,73,13,6.53,NC,1613100931
arvika,12.5852,59.6553,10.4,85,0,5.75,SE,1613100931
port hedland,118.5667,-20.3167,89.6,58,40,16.11,AU,1613100931
sioux lookout,-91.917,50.1001,-27.4,75,40,1.45,CA,1613100931
kurumkan,110.3,54.3,4.08,82,99,3.29,RU,1613100931
storforshei,14.5233,66.4043,30.99,90,100,5.53,NO,1613100931
namatanai,152.4333,-3.6667,82.63,76,74,7.54,PG,1613100931
jumla,82.1838,29.2747,53.44,36,61,2.44,NP,1613100931
ketchikan,-131.6461,55.3422,24.8,30,1,24.16,US,1613100931
san luis de la paz,-100.5167,21.3,56.34,39,64,7.47,MX,1613100815
khorinsk,109.7726,52.1657,5.45,86,73,10.56,RU,1613100932
iisalmi,27.1907,63.5592,5.0,92,90,1.14,FI,1613100932
khatanga,102.5,71.9667,-27.24,86,97,5.97,RU,1613100932
daru,143.2092,-9.0763,79.29,84,100,3.27,PG,1613100932
labuhan,112.2051,-6.8844,83.41,77,95,6.31,ID,1613100932
strzegom,16.3501,50.9626,12.99,92,0,6.91,PL,1613100933
dryden,-92.7503,49.7833,-16.6,76,1,2.3,CA,1613100933
opuwo,13.84,-18.0607,65.73,77,94,3.36,NA,1613100933
coahuayana,-103.6833,18.7333,68.13,84,45,1.77,MX,1613100933
aklavik,-135.0107,68.2191,1.4,78,100,6.91,CA,1613100933
bom jesus,-44.3586,-9.0744,72.5,89,35,1.81,BR,1613100933
samarai,150.6667,-10.6167,83.07,75,13,8.48,PG,1613100762
kimberley,24.7623,-28.7323,68.0,77,0,8.05,ZA,1613100933
san patricio,-97.5169,28.017,41.0,93,90,10.36,US,1613100934
kushiro,144.3747,42.975,33.8,51,20,5.75,JP,1613100934
broken hill,141.4333,-31.95,80.6,44,40,13.8,AU,1613100934
verkhnevilyuysk,120.3167,63.4453,-13.14,88,85,4.43,RU,1613100934
sorland,12.6934,67.667,35.69,79,100,27.22,NO,1613100934
corinto,22.9573,37.9407,51.8,71,20,4.81,GR,1613100934
lebu,-73.65,-37.6167,59.22,94,2,15.17,CL,1613100637
wanaka,169.15,-44.7,68.32,39,2,1.77,NZ,1613100934
ossora,163.0719,59.2353,-2.27,80,0,8.86,RU,1613100935
khasan,130.6434,42.4308,33.89,91,33,3.31,RU,1613100935
marawi,124.2928,7.9986,78.1,78,76,4.21,PH,1613100935
flinders,150.8552,-34.5833,82.99,66,53,1.99,AU,1613100840
mto wa mbu,35.85,-3.35,66.54,75,100,4.16,TZ,1613100935
gornopravdinsk,69.9,60.05,-25.53,86,0,2.35,RU,1613100935
mount isa,139.5,-20.7333,93.2,43,40,12.66,AU,1613100935
pedasi,-80.0333,7.5333,77.86,79,96,16.24,PA,1613100935
cayenne,-52.3333,4.9333,77.0,100,75,2.3,GF,1613100936
strezhevoy,77.5889,60.7333,-22.0,83,0,4.47,RU,1613100936
brae,-1.353,60.3964,37.4,70,40,24.16,GB,1613100936
kismayo,42.5454,-0.3582,76.82,84,80,12.39,SO,1613100936
churapcha,132.4325,62.0025,15.21,94,99,6.93,RU,1613100936
chinsali,32.0816,-10.5414,63.77,98,100,9.82,ZM,1613100936
biankouma,-7.6138,7.7391,68.77,85,1,2.62,CI,1613100936
moose factory,-80.6094,51.2585,-7.6,64,90,5.75,CA,1613100764
belyy yar,91.3903,53.6039,-20.2,69,52,0.27,RU,1613100937
pedro juan caballero,-55.7333,-22.5472,63.86,89,39,0.56,PY,1613100729
narsaq,-46.05,60.9167,39.2,28,75,43.73,GL,1613100937
ilulissat,-51.1,69.2167,10.4,67,90,13.8,GL,1613100937
chimbote,-78.5783,-9.0853,72.36,75,100,5.73,PE,1613100833
bayir,28.2167,37.2687,53.6,94,75,5.75,TR,1613100937
ilinge,27.0427,-31.9768,62.24,92,70,2.3,ZA,1613100938
kerema,145.7785,-7.9631,81.72,75,100,5.91,PG,1613100938
broome,-75.833,42.2506,12.2,79,1,11.5,US,1613100938
korla,86.1469,41.7597,40.05,60,69,3.18,CN,1613100938
bugarama,30.5281,-2.8706,61.97,92,100,1.28,TZ,1613100938
ambilobe,49.05,-13.2,76.23,90,29,1.77,MG,1613100939
newport,-2.9984,51.5877,33.01,76,100,1.01,GB,1613100915
katobu,122.5276,-4.9408,90.25,57,100,0.56,ID,1613100939
kultuk,103.6956,51.7208,4.42,85,99,3.15,RU,1613100939
faanui,-151.75,-16.4833,82.51,66,6,10.8,PF,1613100940
chokurdakh,147.9167,70.6333,-15.32,80,94,3.87,RU,1613100940
taoudenni,-3.9836,22.6783,63.52,23,2,12.86,ML,1613100940
salalah,54.0924,17.0151,69.8,35,0,5.75,OM,1613100850
homer,-151.5483,59.6425,33.8,93,90,19.57,US,1613100693
fortuna,-124.1573,40.5982,48.0,100,75,3.24,US,1613100940
kadoshkino,44.4191,54.0257,7.18,96,100,7.74,RU,1613100940
ugoofaaru,73.0,5.6667,80.56,68,0,10.71,MV,1613100940
namibe,12.1522,-15.1961,71.49,82,94,3.13,AO,1613100941
laiwu,117.6569,36.1928,57.29,54,2,8.72,CN,1613100941
pocatello,-112.4455,42.8713,35.6,80,90,5.75,US,1613100941
toppenish,-120.3087,46.3774,21.2,68,90,24.16,US,1613100941
kahului,-156.47,20.8947,78.8,57,20,16.11,US,1613100941
grand gaube,57.6608,-20.0064,80.01,70,98,3.0,MU,1613100941
tromso,18.957,69.6496,33.8,69,90,25.32,NO,1613100941
rio gallegos,-69.2181,-51.6226,48.2,61,0,6.91,AR,1613100941
aurangabad,75.3333,19.8833,75.61,30,70,10.29,IN,1613100749
slave lake,-114.769,55.2834,-13.0,70,90,23.02,CA,1613100942
tahoua,5.2692,14.8888,71.6,13,0,4.61,NE,1613100942
buraydah,43.975,26.326,51.8,100,0,5.08,SA,1613100942
ancud,-73.8203,-41.8697,52.0,82,0,9.22,CL,1613100942
mount darwin,31.5838,-16.7725,68.29,92,100,1.14,ZW,1613100849
lagoa,-27.9833,39.05,59.0,80,100,26.82,PT,1613100943
deputatskiy,139.9,69.3,-5.37,85,100,2.37,RU,1613100943
bengkulu,102.2655,-3.8004,84.79,64,97,6.76,ID,1613100943
makinsk,70.4169,52.6292,-5.03,91,45,3.78,KZ,1613100943
pacific grove,-121.9166,36.6177,55.0,87,90,8.12,US,1613100938
bushenyi,30.2114,-0.5853,61.21,76,85,0.58,UG,1613100943
katherine,132.2667,-14.4667,89.6,58,81,8.05,AU,1613100943
pangnirtung,-65.7125,66.1451,-14.75,82,22,0.22,CA,1613100943
severo-kurilsk,156.125,50.6789,30.54,92,85,2.75,RU,1613100943
rocha,-54.3333,-34.4833,67.73,92,100,10.51,UY,1613100944
kapoeta,33.5903,4.7717,76.33,38,62,4.5,SS,1613100944
gimli,-96.9907,50.6336,-22.0,76,89,3.44,CA,1613100944
sri aman,111.4621,1.2376,84.2,84,20,3.44,MY,1613100944
goderich,-81.7165,43.7501,10.4,72,100,10.36,CA,1613100944
fairbanks,-147.7164,64.8378,12.0,78,90,6.91,US,1613100944
wakkanai,141.6739,45.4094,32.0,69,40,5.75,JP,1613100944
corinth,22.9573,37.9407,51.8,71,20,4.81,GR,1613100944
kabalo,26.9167,-6.05,70.36,97,100,1.34,CD,1613100944
hervey bay,152.8535,-25.2986,86.0,45,40,6.91,AU,1613100945
punta alta,-62.0736,-38.8759,70.68,70,0,11.05,AR,1613100945
labrea,-64.7981,-7.2586,73.72,93,100,1.92,BR,1613100945
grootfontein,18.1167,-19.5667,62.55,97,100,6.96,NA,1613100945
puerto colombia,-74.9547,10.9878,78.8,78,0,11.5,CO,1613100945
obidos,-55.5181,-1.9175,74.46,95,100,3.76,BR,1613100945
port keats,129.55,-14.25,87.49,69,81,10.51,AU,1613100945
arlit,7.3853,18.7369,67.21,21,0,6.15,NE,1613100945
cavalcante,-47.4583,-13.7975,69.1,86,99,3.02,BR,1613100945
mehamn,27.8492,71.0357,19.71,91,85,8.9,NO,1613100946
souillac,57.5167,-20.5167,80.6,69,40,6.91,MU,1613100946
berlevag,29.0864,70.8578,20.88,91,70,14.54,NO,1613100946
malindi,40.1191,-3.2175,76.12,85,85,6.29,KE,1613100946
de aar,24.0123,-30.6497,70.86,52,98,4.45,ZA,1613100946
dalbandin,64.4101,28.8947,62.2,27,95,4.23,PK,1613100946
arrifes,-25.7,37.7667,61.0,88,40,26.46,PT,1613100946
luderitz,15.1594,-26.6481,64.15,88,32,1.5,NA,1613100946
sisimiut,-53.6735,66.9395,5.49,78,0,8.32,GL,1613100947
kudahuvadhoo,72.8944,2.6708,80.31,77,1,14.81,MV,1613100947
brazzaville,15.2832,-4.2658,78.8,88,98,3.44,CG,1613100947
zyryanovsk,84.2719,49.7386,7.68,93,100,1.79,KZ,1613100947
los llanos de aridane,-17.9182,28.6585,60.8,72,0,6.91,ES,1613100947
merauke,140.3333,-8.4667,84.13,74,88,7.14,ID,1613100947
khani,42.9566,41.9563,55.4,44,0,16.11,GE,1613100947
rumoi,141.6428,43.9344,32.65,88,18,0.13,JP,1613100947
pandan,124.1694,14.0453,81.97,79,1,6.06,PH,1613100947
crotone,17.1178,39.0851,46.0,100,90,9.22,IT,1613100948
cururupu,-44.8683,-1.8283,76.35,92,100,4.18,BR,1613100735
meadow lake,-106.5436,34.8014,46.4,29,1,3.44,US,1613100948
oriximina,-55.8661,-1.7656,74.32,95,47,3.24,BR,1613100948
majene,118.9707,-3.5403,84.63,74,64,5.73,ID,1613100948
zhigansk,123.3711,66.7697,-4.22,91,99,4.74,RU,1613100948
belmonte,-38.8828,-15.8631,77.0,78,20,8.05,BR,1613100948
port moresby,147.1797,-9.4431,87.8,62,40,13.8,PG,1613100948
port lincoln,135.8667,-34.7333,67.71,56,85,13.42,AU,1613100949
esperance,121.9,-33.8667,69.8,46,75,6.91,AU,1613100949
griffith,-87.4237,41.5284,21.2,53,90,9.22,US,1613100949
roald,6.1333,62.5833,21.2,68,0,9.22,NO,1613100949
grants,-107.8514,35.1473,35.6,38,1,4.03,US,1613100950
sirnak,42.4594,37.5228,36.46,73,0,4.52,TR,1613100950
gizo,156.8419,-8.103,82.81,75,98,9.33,SB,1613100950
kolosovka,73.611,56.4678,-24.27,86,0,5.46,RU,1613100950
margate,1.3862,51.3813,32.0,61,51,8.01,GB,1613100950
gisborne,178.0042,-38.6533,71.01,56,4,5.01,NZ,1613100950
stayner,-80.096,44.4183,12.2,67,74,6.91,CA,1613100951
port hardy,-127.4199,50.6996,35.6,47,75,23.02,CA,1613100951
vostok,135.8833,46.4856,30.31,94,100,3.8,RU,1613100951
grenville,-61.6167,12.1167,77.0,83,20,17.27,GD,1613100951
paso de los toros,-56.5167,-32.8167,67.91,86,98,7.72,UY,1613100952
cockburn town,-71.1419,21.4612,76.39,79,0,21.59,TC,1613100952
ulaanbaatar,106.8832,47.9077,3.2,66,75,2.24,MN,1613100952
arkhangelsk,40.5433,64.5401,-14.8,76,90,0.92,RU,1613100746
udimskiy,45.9144,61.1417,-3.91,92,100,3.67,RU,1613100952
linxia,103.2064,35.6003,44.46,51,73,5.97,CN,1613100953
hofn,-15.2082,64.2539,40.15,71,100,16.06,IS,1613100953
camabatela,15.375,-8.1881,62.38,98,100,4.29,AO,1613100953
richards bay,32.0377,-28.783,73.56,90,75,2.95,ZA,1613100953
vokhtoga,41.0461,58.8147,-4.31,92,100,4.25,RU,1613100953
pipar,73.5378,26.3856,73.38,21,97,11.63,IN,1613100953
providencia,-111.5833,28.7167,64.0,53,0,8.41,MX,1613100954
kotido,34.1331,2.9806,69.58,53,22,4.61,UG,1613100954
puerto baquerizo moreno,-89.6,-0.9,76.42,89,47,11.16,EC,1613100954
scarborough,-0.4044,54.2797,30.99,82,100,13.06,GB,1613100849
grindavik,-22.4338,63.8424,37.4,81,90,23.02,IS,1613100954
skjervoy,20.9714,70.0311,33.6,91,100,38.34,NO,1613100954
tutubigan,125.0614,11.8397,85.96,69,8,2.28,PH,1613100954
rapid valley,-103.1463,44.0625,-8.0,70,90,11.5,US,1613100955
laguna,-121.4238,38.421,53.01,87,90,8.05,US,1613100955
muros,-9.0603,42.7762,54.0,90,4,7.0,ES,1613100955
dahra,0.8519,36.2546,55.4,76,0,6.91,DZ,1613100955
azuaga,-5.6833,38.2667,51.01,93,78,7.0,ES,1613100955
vasilsursk,46.0072,56.1275,0.23,94,100,5.21,RU,1613100955
xingcheng,120.7167,40.6167,43.59,62,0,5.3,CN,1613100955
bubaque,-15.8333,11.2833,76.46,65,0,14.43,GW,1613100955
rundu,19.7667,-17.9333,64.72,89,98,4.41,NA,1613100956
yar-sale,70.8333,66.8333,-19.7,87,89,7.58,RU,1613100956
lata,-8.3327,40.1629,55.99,92,41,3.85,PT,1613100956
road town,-64.6167,18.4167,77.0,79,3,20.0,VG,1613100747
anadyr,177.4833,64.75,-25.01,68,0,11.18,RU,1613100956
panacan,118.4082,9.2463,86.0,70,40,4.61,PH,1613100956
nieuw amsterdam,-55.0833,5.8833,78.01,86,83,1.99,SR,1613100956
kuopio,27.677,62.8924,5.0,92,90,1.14,FI,1613100957
cairns,145.7667,-16.9167,80.6,83,90,3.44,AU,1613100957
ylivieska,24.55,64.0833,10.0,92,34,7.0,FI,1613100957
tambacounda,-13.7586,13.7539,82.4,24,0,9.22,SN,1613100957
praia,-23.5087,14.9215,69.8,68,0,16.11,CV,1613100957
boueni,45.0761,-12.9025,82.4,78,75,9.22,YT,1613100957
pau brasil,-39.6511,-15.4642,66.76,94,81,0.83,BR,1613100957
arkhara,130.0842,49.4212,20.14,95,95,18.12,RU,1613100957
valdivia,-73.2459,-39.8142,57.2,94,2,2.3,CL,1613100958
thinadhoo,72.9333,0.5333,81.43,77,66,13.04,MV,1613100958
sola,167.55,-13.8833,84.2,84,90,6.31,VU,1613100958
am timan,20.2827,11.0297,65.43,25,0,4.81,TD,1613100958
kutum,24.6667,14.2,56.95,37,0,6.98,SD,1613100958
pitanga,-51.7614,-24.7572,60.58,96,100,3.02,BR,1613100958
kargasok,80.8572,59.0556,-19.86,86,100,10.36,RU,1613100958
kalmunai,81.8167,7.4167,76.42,77,96,8.34,LK,1613100958
oskemen,82.6119,49.9565,-13.0,84,75,2.24,KZ,1613100959
lykhivka,33.9228,48.6874,40.44,95,100,10.16,UA,1613100959
kavaratti,72.642,10.5669,81.68,58,75,5.75,IN,1613100959
oum hadjer,19.6966,13.2954,65.64,27,0,7.2,TD,1613100959
mgandu,34.1333,-5.95,60.04,97,100,2.86,TZ,1613100959
yarim,44.3779,14.298,46.87,52,34,3.76,YE,1613100959
dover,-75.5244,39.1582,30.0,100,75,4.61,US,1613100767
kingman,-114.053,35.1894,57.2,30,1,10.36,US,1613100959
hirara,125.2833,24.8,75.2,73,40,19.57,JP,1613100959
tuy hoa,109.3,13.0833,71.38,73,78,12.53,VN,1613100759
narasannapeta,84.05,18.4167,78.55,51,21,2.13,IN,1613100724
sangamner,74.2167,19.5667,74.57,21,79,4.92,IN,1613100960
hamburg,10.0,53.55,19.4,85,0,5.75,DE,1613100960
ribeira brava,-17.0667,32.65,57.99,77,20,4.61,PT,1613100960
kropotkin,40.5756,45.4375,46.0,80,100,8.7,RU,1613100731
matagami,-77.6328,49.7502,-5.8,84,90,13.8,CA,1613100750
honavar,74.45,14.2833,82.58,42,81,1.54,IN,1613100960
shimoda,138.95,34.6667,53.6,62,75,11.5,JP,1613100930
katsuura,140.3,35.1333,53.01,50,100,1.99,JP,1613100960
okhotsk,143.3,59.3833,18.99,91,100,5.88,RU,1613100961
brasilia de minas,-44.4333,-16.2064,67.42,94,100,6.13,BR,1613100961
neryungri,124.6491,56.6709,1.24,91,100,8.05,RU,1613100901
batticaloa,81.6924,7.7102,75.11,78,100,7.14,LK,1613100961
aden,45.0367,12.7794,74.95,71,35,8.25,YE,1613100808
minyar,57.5485,55.0709,7.79,93,100,3.94,RU,1613100961
aripuana,-60.6333,-9.1667,72.72,97,96,0.65,BR,1613100962
sabha,14.4283,27.0377,52.97,41,0,9.98,LY,1613100962
guerrero negro,-114.0611,27.9769,59.13,86,0,13.18,MX,1613100962
coquimbo,-71.3436,-29.9533,60.8,94,0,3.44,CL,1613100962
vila do maio,-23.2167,15.1333,69.8,68,0,16.11,CV,1613100962
wasilla,-149.4394,61.5814,26.01,46,1,8.05,US,1613100962
kirensk,108.1119,57.7853,-4.52,88,100,5.1,RU,1613100962
itoman,127.6694,26.1247,71.6,77,75,20.71,JP,1613100963
burnie,145.9167,-41.0667,61.0,85,23,5.01,AU,1613100963
san-pedro,-6.6363,4.7485,76.53,94,71,5.84,CI,1613100963
darhan,105.9228,49.4867,7.47,91,100,5.93,MN,1613100843
lasa,10.7002,46.6166,21.99,60,28,3.58,IT,1613100963
jacmel,-72.5347,18.2342,78.8,65,0,11.5,HT,1613100963
avera,-82.5271,33.194,59.0,97,75,3.47,US,1613100956
bezhetsk,36.6965,57.7851,-2.52,92,100,9.69,RU,1613100963
aykhal,111.5,66.0,-18.87,82,9,6.22,RU,1613100964
sechura,-80.8222,-5.5569,76.62,74,94,10.78,PE,1613100725
port-cartier,-66.8654,50.0334,14.0,92,75,5.75,CA,1613100964
thohoyandou,30.485,-22.9456,64.78,94,41,5.08,ZA,1613100964
la ronge,-105.2842,55.1001,-16.6,69,100,6.91,CA,1613100964
komsomolskiy,71.7189,40.4272,37.4,81,4,4.61,UZ,1613100964
tessalit,1.0114,20.1986,66.22,20,39,8.93,ML,1613100964
henties bay,14.2845,-22.116,68.0,90,94,7.67,NA,1613100965
arrecife,-13.5477,28.963,64.4,77,90,6.91,ES,1613100965
vestmanna,-7.1664,62.1564,30.2,80,75,8.05,FO,1613100965
sitka,-135.33,57.0531,30.2,27,1,10.36,US,1613100931
kieta,155.6333,-6.2167,82.04,78,100,12.1,PG,1613100965
boende,20.8667,-0.2167,72.86,61,87,1.14,CD,1613100965
ardakan,54.0175,32.31,41.0,36,0,4.61,IR,1613100965
palana,159.9667,59.1167,6.04,88,0,19.17,RU,1613100965
bismarck,-100.7837,46.8083,-14.8,76,1,8.05,US,1613100872
saint-augustin,-58.6502,51.226,23.97,94,100,16.08,CA,1613100966
atar,-13.0499,20.5169,64.0,22,0,10.04,MR,1613100966
deming,-107.7586,32.2687,53.6,26,1,9.22,US,1613100834
hay river,-115.7999,60.8156,-5.8,71,10,11.5,CA,1613100966
skibbereen,-9.2667,51.55,37.4,100,75,19.57,IE,1613100966
vestmannaeyjar,-20.2734,63.4427,41.43,70,100,39.33,IS,1613100929
porto novo,2.6036,6.4965,84.2,84,40,9.22,BJ,1613100966
blythe,-114.5964,33.6103,64.4,34,1,8.72,US,1613100966
half moon bay,-122.4286,37.4636,55.99,93,90,14.97,US,1613100966
abu zabad,29.25,12.35,64.13,31,0,7.52,SD,1613100967
sobolevo,31.8996,54.4299,4.86,94,100,20.07,RU,1613100967
rancho palos verdes,-118.387,33.7445,55.0,92,78,1.01,US,1613100967
yerbogachen,108.0108,61.2767,-13.54,87,65,4.14,RU,1613100967
bobcaygeon,-78.542,44.5462,5.0,72,1,6.08,CA,1613100968
kirakira,161.9205,-10.4544,80.33,83,100,14.32,SB,1613100968
waw,27.9953,7.7029,67.82,24,0,4.23,SS,1613100968
kulu,33.0799,39.0951,41.13,68,28,11.03,TR,1613100968
etchoropo,-109.6667,26.7667,63.0,71,0,10.13,MX,1613100968
pochutla,-96.4661,15.7432,77.0,82,0,1.99,MX,1613100968
padilla,-76.3139,3.2204,75.2,73,40,10.36,CO,1613100968
krk,14.5731,45.0258,32.0,29,0,5.75,HR,1613100968
maridi,29.4742,4.9158,70.3,29,17,2.42,SS,1613100968
grand forks,-97.4337,47.9417,-16.01,69,40,6.91,US,1613100968
koslan,48.8989,63.4564,-6.12,91,100,3.78,RU,1613100969
chifeng,118.9636,42.2683,33.26,84,0,5.73,CN,1613100969
launceston,147.1667,-41.45,71.6,53,40,19.57,AU,1613100687
san marcos,-117.1661,33.1434,59.0,77,90,2.71,US,1613100969
det udom,105.0784,14.906,73.99,60,0,6.91,TH,1613100969
marabba,32.1833,12.35,71.22,23,0,11.14,SD,1613100969
laem sing,102.0738,12.4816,90.0,48,1,0.74,TH,1613100800
likasi,26.7333,-10.9814,63.81,97,100,6.62,CD,1613100969
rio grande,-52.0986,-32.035,73.99,91,100,16.02,BR,1613100871
tam ky,108.4833,15.5667,75.2,53,20,8.05,VN,1613100970
malartic,-78.1328,48.1335,-13.0,70,1,5.75,CA,1613100970
east wenatchee bench,-120.2812,47.4257,21.99,79,90,10.36,US,1613100970
magnor,12.1996,59.9511,7.0,85,90,3.44,SE,1613100970
fredericton,-66.6656,45.9454,10.4,48,1,10.36,CA,1613100772
nioro,-15.75,13.35,72.37,19,6,6.29,GM,1613100970
garachine,-78.3628,8.0647,76.8,80,81,7.2,PA,1613100971
bathsheba,-59.5167,13.2167,77.0,69,40,20.71,BB,1613100971
marrakesh,-8.0083,31.6315,57.2,94,75,5.75,MA,1613100971
lensk,114.9278,60.7253,-9.02,85,100,3.18,RU,1613100971
azul,-59.8585,-36.777,66.0,92,100,1.99,AR,1613100764
byron bay,153.6167,-28.65,82.99,57,27,17.27,AU,1613100903
krivodol,23.4844,43.3744,28.17,81,5,17.11,BG,1613100971
rurrenabaque,-67.5278,-14.4413,70.52,94,100,1.72,BO,1613100971
mulchen,-72.2333,-37.7167,62.8,78,99,5.35,CL,1613100971
bure,37.0667,10.7,53.69,41,30,4.03,ET,1613100972
isangel,169.2667,-19.55,86.0,74,75,4.74,VU,1613100972
